{"name":"t:sections.footer.name","type":"footer","sections":{"footer":{"type":"footer","blocks":{"link_list_wxtnrT":{"type":"link_list","settings":{"heading":"Guest Service","menu":"footer"}},"link_list_byH3Ry":{"type":"link_list","settings":{"heading":"Learn More","menu":"footer-menu2"}},"link_list_eYhqLt":{"type":"link_list","settings":{"heading":"Programs","menu":"footer-menu3"}},"text_bLqcyT":{"type":"text","settings":{"heading":"Let's Talk Bikes & Gear","subtext":"<p>Need help finding the perfect bike? Call Kathleen, 858-943-4229 or text at 619-333-2576<\/p><p>Monday - Saturday 8AM-6PM PST<\/p><h2><a href=\"https:\/\/bicyclewarehouse.com\/pages\/stores\" title=\"Bicycle Warehouse Locations\"><strong>STORE HOURS<\/strong><\/a><\/h2><p>Monday - Saturday: 10AM - 6PM PST<\/p><p>You can also email our bike experts at Info@BicycleWarehouse.com or chat with us by clicking the Chat icon in the lower right.<\/p>"}}},"block_order":["link_list_wxtnrT","link_list_byH3Ry","link_list_eYhqLt","text_bLqcyT"],"custom_css":["h2 {font-size: 20px; word-spacing: -2px; margin-bottom: 20px; font-style: normal !important; font-family: Arial, sans-serif !important;}",".footer ul li a {font-size: 14px; font-weight: normal; font-style: normal; font-family: Arial, sans-serif !important;}",".footer-block__details-content {font-size: 14px; font-style: normal; font-family: Arial, sans-serif !important;}"],"settings":{"color_scheme":"scheme-7922ce7d-b535-4e1f-a03a-06fd3001519f","newsletter_enable":true,"newsletter_heading":"Subscribe to our emails","enable_follow_on_shop":true,"show_social":true,"enable_country_selector":true,"enable_language_selector":true,"payment_enable":true,"show_policy":true,"margin_top":0,"padding_top":36,"padding_bottom":36}}},"order":["footer"]}