{"name":"t:sections.header.name","type":"header","sections":{"announcement-bar":{"type":"announcement-bar","blocks":{"announcement-bar-0":{"type":"announcement","settings":{"text":"PEDAL INTO THE NEW YEAR: 1O% OFF REGULARLY PRICED PARTS, ACCESSORIES & CLOTHING","link":""}},"announcement_nf6ANK":{"type":"announcement","settings":{"text":"FREE FINANCING & 0% INTEREST ON SELECT PURCHASES","link":""}},"announcement_hpLjrD":{"type":"announcement","settings":{"text":"NEED HELP FINDING THE PERFECT BIKE? CALL US AT 858-943-4229","link":""}}},"block_order":["announcement-bar-0","announcement_nf6ANK","announcement_hpLjrD"],"settings":{"color_scheme":"scheme-3","show_line_separator":true,"show_social":false,"auto_rotate":true,"change_slides_speed":5,"enable_country_selector":false,"enable_language_selector":false}},"header":{"type":"header","settings":{"logo_position":"top-left","menu":"mega-menu","menu_type_desktop":"mega","sticky_header_type":"reduce-logo-size","show_line_separator":true,"color_scheme":"scheme-1","menu_color_scheme":"scheme-1","enable_country_selector":true,"enable_language_selector":true,"enable_customer_avatar":true,"mobile_logo_position":"center","margin_bottom":0,"padding_top":20,"padding_bottom":20}}},"order":["announcement-bar","header"]}