{"sections":{"image_banner":{"type":"image-banner","blocks":{"text_qpNxFt":{"type":"text","settings":{"text":"FIND YOUR PERFECT RIDE","text_style":"body"}},"heading":{"type":"heading","settings":{"heading":"","heading_size":"h0"}},"button":{"type":"buttons","settings":{"button_label_1":"SHOP E-BIKES","button_link_1":"shopify:\/\/collections\/all","button_style_secondary_1":false,"button_label_2":"SHOP BIKES","button_link_2":"shopify:\/\/collections\/all","button_style_secondary_2":false}}},"block_order":["text_qpNxFt","heading","button"],"settings":{"image":"shopify:\/\/shop_images\/feb-hero_1.webp","image_overlay_opacity":0,"image_height":"large","desktop_content_position":"top-left","show_text_box":false,"desktop_content_alignment":"left","color_scheme":"scheme-3","image_behavior":"none","mobile_content_alignment":"left","stack_images_on_mobile":false,"show_text_below":false,"top_body_text":"","heading":"","extra_text":""}},"multicolumn_PPJdDA":{"type":"multicolumn","blocks":{"column_xHhNgd":{"type":"column","settings":{"image":"shopify:\/\/shop_images\/homepage-tires-promo.webp","title":"<strong>20% OFF TIRE OFFER<\/strong>","text":"<p>Upgrade your ride with premium tires and enjoy a smoother, faster, and safer cycling experience—20% off when you buy two or more!<\/p>","link_label":"Shop Bike Tires","link":"shopify:\/\/collections"}},"column_WfiNFF":{"type":"column","settings":{"image":"shopify:\/\/shop_images\/homepage-spring-specialized.webp","title":"<strong>SPECIALIZED SPRING SAVINGS<\/strong>","text":"<p>Up to 45% off select bikes and gear.<\/p>","link_label":"Shop Specialized","link":"shopify:\/\/collections"}}},"block_order":["column_xHhNgd","column_WfiNFF"],"custom_css":[".title-wrapper-with-link {display: block; width: 100%; margin: 0 auto;}",".title-wrapper-with-link h2, \/* If your title is inside an h2 tag *\/.title-wrapper-with-link .title {text-align: center !important; word-spacing: 1px !important; margin-bottom: 20px;}"],"settings":{"title":"RIDE FURTHER, RIDE FASTER","heading_size":"h2","image_width":"full","image_ratio":"adapt","columns_desktop":2,"column_alignment":"center","background_style":"primary","button_label":"","button_link":"","color_scheme":"","columns_mobile":"1","swipe_on_mobile":false,"padding_top":36,"padding_bottom":36}},"custom_liquid_KC9Hef":{"type":"custom-liquid","settings":{"custom_liquid":"<div style=\"display: flex; align-items: center; justify-content: center; gap: 20px; text-align: center; max-width: 1200px; margin: auto;\">\n    <!-- Large Image on the Left -->\n    <div style=\"flex: 1; display: flex; justify-content: center;\">\n        <img src=\"https:\/\/cdn.shopify.com\/s\/files\/1\/0286\/1214\/files\/presidents-day-sale-banner.png?v=1739573771&width=1280\" \n             alt=\"Large Image\" \n             style=\"width: 800px; height: auto; max-width: 120%;\">\n    <\/div>\n    \n    <!-- Small Image, Text, and Button on the Right -->\n    <div style=\"flex: 1; display: flex; flex-direction: column; align-items: center;\">\n        <img src=\"https:\/\/cdn.shopify.com\/s\/files\/1\/0286\/1214\/files\/presidents-day-15-off-bikes.png?v=1739572636&width=1280\" \n             alt=\"Small Image\" \n             style=\"width: 200px; height: auto; margin-bottom: 1px;\">\n<p style=\"font-size: 18px; font-weight: bold; margin: 1px 0;\">★ ★ ★ ★ ★<\/p>\n<h2 style=\"font-size: 24px; font-weight: bold; margin: 1px;\">HUGE PRESIDENTS' DAY BIKE SALE<\/h2>\n<p style=\"font-size: 16px; margin-top: 1px; margin-bottom: 1px;\">Epic deals on bikes & gear.<\/p>\n        <p style=\"font-size: 18px; font-weight: bold; margin: 1px;\">★ ★ ★ ★ ★<\/p>\n\n        <!-- Button -->\n        <a href=\"#\" style=\"display: inline-block; background-color: #d32f2f; color: white; padding: 10px 20px; text-decoration: none; font-size: 16px; font-weight: bold; border-radius: 5px; margin-top: 10px;\">\n            Roll Into Savings\n        <\/a>\n    <\/div>\n<\/div>","color_scheme":"scheme-2","padding_top":40,"padding_bottom":52}},"featured_collection":{"type":"featured-collection","custom_css":[],"settings":{"title":"ENJOY THE RIDES","heading_size":"h2","description":"","show_description":false,"description_style":"body","collection":"all","products_to_show":8,"columns_desktop":4,"full_width":false,"show_view_all":true,"view_all_style":"solid","enable_desktop_slider":false,"color_scheme":"scheme-3","image_ratio":"adapt","image_shape":"default","show_secondary_image":true,"show_vendor":false,"show_rating":false,"quick_add":"none","columns_mobile":"2","swipe_on_mobile":false,"padding_top":44,"padding_bottom":36}}},"order":["image_banner","multicolumn_PPJdDA","custom_liquid_KC9Hef","featured_collection"]}