{"sections":{"main":{"type":"main-page","disabled":true,"settings":{"padding_top":28,"padding_bottom":28}},"image_banner_LpUYhP":{"type":"image-banner","blocks":{"heading_jtR4Dh":{"type":"heading","settings":{"heading":"Image banner","heading_size":"h1"}},"text_Bxdwmt":{"type":"text","settings":{"text":"Give customers details about the banner image(s) or content on the template.","text_style":"body"}},"buttons_3cgM4x":{"type":"buttons","settings":{"button_label_1":"Button label","button_link_1":"","button_style_secondary_1":false,"button_label_2":"Button label","button_link_2":"","button_style_secondary_2":false}}},"block_order":["heading_jtR4Dh","text_Bxdwmt","buttons_3cgM4x"],"settings":{"image":"shopify:\/\/shop_images\/presidents-day-sale-banner.webp","image_overlay_opacity":0,"image_height":"medium","desktop_content_position":"middle-center","show_text_box":true,"desktop_content_alignment":"center","color_scheme":"","image_behavior":"none","mobile_content_alignment":"center","stack_images_on_mobile":true,"show_text_below":true}}},"order":["main","image_banner_LpUYhP"]}